Aloise,Hamblen,6 Portage Park,CA,11665,5618067281,ahamblen0@go.com
Ibrahim,Philcox,158 Elka Drive,KY,53535,7825291651,iphilcox1@chron.com
Gerhard,Tuffrey,73493 Mifflin Plaza,NV,77235,1842244875,gtuffrey2@deliciousdays.com
Aurelia,Asplen,15 Fremont Pass,NC,52041,4826196413,aasplen3@independent.co.uk
Graeme,Cicccitti,63981 Dovetail Avenue,FL,94164,6073863242,gcicccitti4@alexa.com
Ellwood,Smieton,98058 Surrey Circle,CA,88941,4255635813,esmieton5@china.com.cn
Kristian,Berth,355 Texas Crossing,OK,88831,4982959344,kberth6@eventbrite.com
Michele,McQuin,1090 Forster Crossing,PA,2731,7003628675,mmcquin7@technorati.com
Riley,Peterson,2886 Green Ridge Point,FL,17755,2651588152,rpeterson8@cnet.com
Ivory,Hirtzmann,78 Grayhawk Circle,CA,32274,6233012194,ihirtzmann9@desdev.cn
Norris,Richardsson,1153 Kennedy Center,IL,90307,3666764029,nrichardssona@amazon.co.uk
Ottilie,Pirrone,9961 Utah Way,OH,18603,6186573162,opirroneb@japanpost.jp
Vladamir,Bourget,545 Memorial Court,NY,56179,9525829240,vbourgetc@parallels.com
Rosemarie,Roullier,11414 Boyd Parkway,HI,72776,1709713592,rroullierd@cnet.com
Ofella,Izhakov,77164 Stephen Plaza,CA,38711,3521108324,oizhakove@vinaora.com
Andonis,Bessant,43 Schlimgen Plaza,NC,85179,9874144837,abessantf@amazon.co.uk
Eachelle,Duckett,3 Lindbergh Lane,OH,54433,4369906008,educkettg@1und1.de
Gerry,Fairest,691 Schmedeman Place,KS,8004,8279163818,gfairesth@hugedomains.com
Cassy,Wormald,34 Miller Lane,GA,74096,7657355971,cwormaldi@altervista.org
Jackie,Goldston,85504 Linden Circle,PA,58623,6568440051,jgoldstonj@discuz.net
Ravi,Stovine,41 Fairview Park,OH,56968,7552546661,rstovinek@e-recht24.de
Nancee,Furst,42312 Pond Avenue,AL,29222,3543467926,nfurstl@newsvine.com
Sapphire,Hayhurst,2985 Ridgeview Pass,NY,97429,5503244818,shayhurstm@uol.com.br
Daniel,Tirrell,5 Paget Park,KS,80550,5243644568,dtirrelln@cpanel.net
Ebonee,Agass,40 Dottie Alley,FL,14313,1381203582,eagasso@nhs.uk
Jereme,Kores,224 Iowa Crossing,FL,14245,1025987984,jkoresp@chron.com
Tibold,Anthona,3 Grayhawk Drive,WA,72051,6097279887,tanthonaq@google.de
Cassondra,Mundell,55 Waxwing Center,MI,86201,8711130976,cmundellr@artisteer.com
Ambrosio,Melody,2 Jenifer Drive,AZ,42702,8030879346,amelodys@vimeo.com
Ashlin,Couves,3668 Southridge Road,MO,30679,9851103135,acouvest@mediafire.com
Giordano,Surgeon,068 Lawn Court,GA,81338,7413501061,gsurgeonu@multiply.com
Corbett,Dunniom,8788 Forster Center,NE,77967,1778024130,cdunniomv@prnewswire.com
Elsie,Milius,0 Hermina Pass,FL,83164,5216720276,emiliusw@sbwire.com
Angelle,Pullin,7 Meadow Valley Parkway,WA,15340,4639083780,apullinx@gov.uk
Bondy,Emmins,87 Fairview Terrace,NY,82701,6520481920,bemminsy@usa.gov
Libbie,Baleine,52157 Golf Course Avenue,MN,43902,1347835312,lbaleinez@stumbleupon.com
Meghann,Stack,7085 Union Trail,AL,86754,4696486075,mstack10@networkadvertising.org
Donal,Mogridge,4 Homewood Court,AL,51542,5748663947,dmogridge11@ovh.net
Bat,Ruddick,4 Randy Center,CO,93081,1716554284,bruddick12@columbia.edu
Laurette,Meeson,6 Debs Junction,IA,80747,6216300177,lmeeson13@google.com.br
Gayler,Capp,83309 Union Trail,TX,67618,3189121532,gcapp14@independent.co.uk
Gerhard,Coviello,20 Carberry Place,CA,27307,3821110489,gcoviello15@zdnet.com
Sherwynd,Corden,7 Troy Court,AL,22398,2765969316,scorden16@go.com
Lucien,Burel,5 Clarendon Junction,NY,6427,7975714754,lburel17@cnet.com
Jim,Mitchenson,431 Brown Lane,CO,17068,885099657,jmitchenson18@marketwatch.com
Kaitlin,Hussey,6709 Westridge Avenue,TX,26722,5077199550,khussey19@fda.gov
Ervin,Hardes,4903 Stoughton Alley,MS,69962,7623671301,ehardes1a@cpanel.net
Ilyse,McClunaghan,871 Florence Court,NH,91433,4558834091,imcclunaghan1b@freewebs.com
Ozzie,Cradoc,5 Macpherson Circle,NY,96404,2904968890,ocradoc1c@linkedin.com
Amanda,Dawidowicz,9104 Carey Trail,TN,35215,2192927009,adawidowicz1d@ocn.ne.jp